{
  "id": "2c217776-8497-4f17-b7a8-66b9964d8a2d",
  "brand": "Apple",
  "name": "Macbook Air",
  "cpu": {
    "brand": "AMD",
    "name": "Ryzen 3 pro 2700U",
    "number_cores": 5,
    "number_thread": 9,
    "min_ghz": 3.2090693214459955,
    "max_ghz": 4.769579114397149
  },
  "ram": {
    "value": "22",
    "uint": "GIGABYTE"
  },
  "gpus": [
    {
      "brand": "AMD",
      "name": "RX 590",
      "min_ghz": 1.3518116545069458,
      "max_ghz": 1.4551567978563837,
      "memory": {
        "value": "3",
        "uint": "GIGABYTE"
      }
    }
  ],
  "storages": [
    {
      "driver": "SSD",
      "memory": {
        "value": "818",
        "uint": "GIGABYTE"
      }
    },
    {
      "driver": "HDD",
      "memory": {
        "value": "2",
        "uint": "TERABYTE"
      }
    }
  ],
  "screen": {
    "size_inch": 14.738097,
    "resolution": {
      "width": 6778,
      "height": 3211
    },
    "panel": "OLED",
    "multitouch": true
  },
  "keyboard": {
    "layout": "QWERTY",
    "backlit": true
  },
  "weight_kg": 1.015843809323609,
  "price_usd": 2153.9610353281732,
  "release_year": 2016,
  "update_at": "2023-01-17T09:08:44.603603400Z"
}